{"mean_": [0.6371030285596009, 55.4549593467558, 630.6383536429474, 10.156269511894312, 12.818902515474578, 4.387764862154604, 39.05118876747675, 29.2007565841217, 89.124997655981, 3.0370661967257897, 13.580208382587312, 2.3396062038783993, 0.7526940176670321], "scale_": [0.45758346245729625, 13.279342207458537, 19025.53655018126, 860.1064090794615, 1.9589002707894783, 0.6643865112975991, 5.549971113692373, 2.672110733236546, 6.707509886204068, 3.133266512063096, 1.6985664507941758, 2.5839450132544717, 1.8111467658603577], "var_": [0.20938262511440786, 176.34092946278977, 361971041.02228296, 739783.0349395659, 3.837290270899091, 0.4414094363941947, 30.80217936281976, 7.140175770677953, 44.99068887352531, 9.817359035616038, 2.885127987763523, 6.676771831522651, 3.2802526074864335], "n_features_in_": 13, "feature_names_in_": ["SEXO", "EDAD", "IMC", "NEUTROFILOS", "HEMOGLOBINA", "ERITROCITOS", "HEMATOCRITO", "MCH", "MCV", "EOSINOFILOS", "RDW-CV", "LINFOCITOS", "MONOCITOS"]}