{"mean_": [0.649066924066924, 53.97796364806177, 795.5183977717286, 11.827266205565385, 12.79271996139617, 4.372859256876308, 39.09382982145729, 29.229348560398904, 89.53001769342127, 3.038199774811002, 13.71985330545279, 5.4439388772719965, 1.6242551069647737], "scale_": [0.47726203719678545, 14.129541428209729, 21830.57566674688, 980.3601554655082, 1.9982878510778388, 0.6740334388596337, 5.6647745010984485, 2.8872244166640484, 8.414824309011369, 3.2089572755311973, 1.8859677827140076, 485.6776630398442, 127.5945541957707], "var_": [0.22777905214922584, 199.643940971495, 476574033.941561, 961106.0344243555, 3.993154335765287, 0.4543210767009437, 32.08967014829518, 8.336064832181053, 70.80926815152867, 10.297406796184605, 3.5568744774351897, 235882.79237584444, 16280.370260417467], "n_features_in_": 13}