{
    "mean": [
        0.6363510719453802,
        55.48459772772488,
        528.614971868809,
        9.461314594034906,
        12.826677767521593,
        4.390336451714402,
        39.075441604755966,
        29.192928143592948,
        89.12639296547542,
        3.0577405582692974,
        13.573744614680102,
        2.3563992302824395,
        0.7589504930647525
    ],
    "scale": [
        0.4576890295672959,
        13.25428662280478,
        17363.10252576174,
        770.617188459618,
        1.9519200326371908,
        0.6617747123704992,
        5.525810631655961,
        2.6882165052774454,
        7.594945638828453,
        3.1735241407562036,
        1.696605365561383,
        2.7417034694738085,
        1.8517146954817192
    ],
    "var": [
        0.20947924778625304,
        175.67611387946178,
        301477329.3201137,
        593850.8511494064,
        3.809991813810372,
        0.43794576993305695,
        30.534583136922052,
        7.2265079792460805,
        57.68319925675934,
        10.0712554719624,
        2.8784697664516745,
        7.5169379145247195,
        3.428847313462956
    ],
    "n_features_in_": 13,
    "feature_names_in_": [
        "SEXO",
        "EDAD",
        "IMC",
        "NEUTROFILOS",
        "HEMOGLOBINA",
        "ERITROCITOS",
        "HEMATOCRITO",
        "MCH",
        "MCV",
        "EOSINOFILOS",
        "RDW-CV",
        "LINFOCITOS",
        "MONOCITOS"
    ]
}